,Name,Type,ABV,Ratings,Average,Brewery
0,Blueberry Colorambic,Wild Ale,5.7,6,4.33,AC Golden Brewing Company
1,Bourbon Barrel Brown,Wild Ale,5.5,2,4.25,AC Golden Brewing Company
2,Coffee Sour,Wild Ale,5.5,3,4.17,AC Golden Brewing Company
3,Colorado Native Amber Lager,Lager - American Amber / Red,5.5,259,3.67,AC Golden Brewing Company
4,Colorado Native Double IPL,Lager - India Pale Lager (IPL),8.5,4,4.03,AC Golden Brewing Company
5,Colorado Native Golden Lager,Lager - American,5.7,24,3.46,AC Golden Brewing Company
6,Colorado Native Good As Golden,Lager - American,5.5,2,4.05,AC Golden Brewing Company
7,Colorado Native Imperial Porter,Porter - Imperial,9.5,4,4.01,AC Golden Brewing Company
8,Colorado Native IPL,Lager - India Pale Lager (IPL),6.5,39,3.52,AC Golden Brewing Company
9,Colorado Native Mtn Pass Pils,Lager - American,5,1,4.09,AC Golden Brewing Company
10,Colorado Native Olathe,Lager - Adjunct,6,5,3.18,AC Golden Brewing Company
11,Colorado Native Pilsner,Pilsner - German,5,15,3.91,AC Golden Brewing Company
12,Colorado Native Saison,Farmhouse Ale - Saison,4.5,9,3.75,AC Golden Brewing Company
13,Colorado Native West Slope IPA,IPA - American,5.5,16,3.2,AC Golden Brewing Company
14,Colorado Native Winterfest,Bock - Traditional,7,5,3.95,AC Golden Brewing Company
15,Ctayt,Stout - Russian Imperial,0,71,4.12,AC Golden Brewing Company
16,Ctayt - Russian Imperial Stout,Stout - Russian Imperial,11.5,17,4.21,AC Golden Brewing Company
17,Herman Joseph's Private Reserve,Pilsner - German,4.95,29,3.74,AC Golden Brewing Company
18,Hidden Barrel Apricot,Wild Ale,5.4,91,4.02,AC Golden Brewing Company
19,Hidden Barrel Peche,Wild Ale,5.5,129,4.09,AC Golden Brewing Company
20,Scotch N Sour,Wild Ale,5.7,6,3.79,AC Golden Brewing Company
21,Wheat Wine,Wheat Beer - Wheatwine,10,1,4.22,AC Golden Brewing Company
22,Winterfest,Lager - Vienna,5.5,33,3.32,AC Golden Brewing Company
0,Bergenbier,Lager - European Pale,5,31,2.38,Bergenbier SA
1,Bergenbier Ale,Pale Ale - Belgian,5.5,9,2.7,Bergenbier SA
2,Bergenbier Fara Alcool,Low Alcohol Beer,0,3,2.35,Bergenbier SA
3,Bergenbier Fresh Grapefruit,Fruit and Field Beer,1.9,3,2.65,Bergenbier SA
4,Bergenbier Fresh Lemon,Fruit and Field Beer,1.9,2,2.62,Bergenbier SA
5,Bergenbier Fresh Soc,Herb and Spice Beer,1.9,3,2.52,Bergenbier SA
6,Noroc,Lager - European Pale,4.5,8,2.05,Bergenbier SA
7,Staropramen,Lager - European Pale,5,9,2.73,Bergenbier SA
0,Borsodi,Lager - Adjunct,4.6,35,2.77,Borsodi Brewery
1,Borsodi Bivaly,Lager - European Strong,6.5,14,3.01,Borsodi Brewery
2,Borsodi Borostyán,Lager - Vienna,5.2,5,3.17,Borsodi Brewery
3,Borsodi Búza,Wheat Beer - Witbier,4.6,3,2.48,Borsodi Brewery
4,Borsodi Friss Bodza,Fruit and Field Beer,1.5,1,2.28,Borsodi Brewery
5,Borsodi Friss Feketeribizli-Lime,Fruit and Field Beer,2,3,2.21,Borsodi Brewery
6,Borsodi Friss Grapefruit,Fruit and Field Beer,1.5,2,2.39,Borsodi Brewery
7,Borsodi Friss Malna,Fruit and Field Beer,1.5,1,2.98,Borsodi Brewery
8,Borsodi Mester,Lager - European Pale,5,1,3.44,Borsodi Brewery
9,Borsodi Super Dry,Lager - European Pale,4,2,2.45,Borsodi Brewery
10,Rakoczi Villagos Sur,Lager - Adjunct,4.5,1,2.32,Borsodi Brewery
11,Spaten,Pilsner - German,4.5,13,2.89,Borsodi Brewery
12,St Martin's,Pilsner - German,4,1,1.5,Borsodi Brewery
13,Staropramen Dark,Lager - European Dark,4.4,1,4,Borsodi Brewery
0,Cobra,Lager - European Pale,5,152,2.81,Cobra Beer Partnership Limited
1,Cobra Zero,Low Alcohol Beer,0,1,1.11,Cobra Beer Partnership Limited
2,King Cobra,Lager - European Strong,7.5,9,2.8,Cobra Beer Partnership Limited
3,Krait Prestige,Bière de Champagne / Bière Brut,8,56,3.45,Cobra Beer Partnership Limited
0,Batch,Porter - American,4.5,2,4.1,Creemore Springs Brewery Limited
1,Batch Cream Ale,Cream Ale,4.8,1,3,Creemore Springs Brewery Limited
2,Boundless IPA,IPA - American,5.1,23,3.55,Creemore Springs Brewery Limited
3,Creemore King Taps Lagered Ale,Lager - Adjunct,5.2,1,3.84,Creemore Springs Brewery Limited
4,Creemore Springs Collaboration Altbier,Altbier,5,85,3.64,Creemore Springs Brewery Limited
5,Creemore Springs Kellerbier,Lager - Kellerbier / Zwickelbier,5,187,3.91,Creemore Springs Brewery Limited
6,Creemore Springs Kölsch Style Ale,Kölsch,4.7,23,3.67,Creemore Springs Brewery Limited
7,Creemore Springs Lot 9 Pilsner,Pilsner - Bohemian / Czech,4.7,85,3.52,Creemore Springs Brewery Limited
8,Creemore Springs Oktoberfest Lager,Lager - Märzen / Oktoberfest,5.3,37,3.55,Creemore Springs Brewery Limited
9,Creemore Springs Pale Wheat,Wheat Beer - American Pale,4.5,1,3.43,Creemore Springs Brewery Limited
10,Creemore Springs Premium Lager,Lager - American Amber / Red,5,429,3.85,Creemore Springs Brewery Limited
11,Creemore Springs Traditional Pilsner,Pilsner - Bohemian / Czech,5.3,161,3.54,Creemore Springs Brewery Limited
12,Creemore Springs UrBock,Bock - Traditional,6,161,3.65,Creemore Springs Brewery Limited
13,Helles Blonde Lager,Lager - Helles,4,4,3.69,Creemore Springs Brewery Limited
14,Hop & Weizen Hoppy Hefeweizen,Wheat Beer - Hefeweizen,4.7,39,3.6,Creemore Springs Brewery Limited
15,Mad & Noisy Brewing Hops & Bolts India Pale Lager,Lager - India Pale Lager (IPL),5.3,176,3.49,Creemore Springs Brewery Limited
16,Mad & Noisy Coconut Porter,Porter - American,5.6,10,3.51,Creemore Springs Brewery Limited
17,Mad & Noisy Lagered Ale,Kölsch,4.7,33,3.67,Creemore Springs Brewery Limited
18,Mad & Noisy Orange Pale Ale,Pale Ale - American,4.5,5,3.75,Creemore Springs Brewery Limited
19,Smart Alec,Kölsch,4.7,1,4.02,Creemore Springs Brewery Limited
20,Sunny & Share Citrus Saison,Farmhouse Ale - Saison,4.5,14,3.69,Creemore Springs Brewery Limited
21,Whole Hopped Lager,Lager - American,5,9,3.69,Creemore Springs Brewery Limited
0,3 Kings Celebration Ale,Winter Warmer,5.5,1,3.63,Franciscan Well Micro Brewery
1,Archway Lager,Blonde Ale - American,4,4,3.7,Franciscan Well Micro Brewery
2,Blarney Blonde,Blonde Ale - American,4.2,14,3.56,Franciscan Well Micro Brewery
3,Boh Pils,Pilsner - Bohemian / Czech,4.5,0,0,Franciscan Well Micro Brewery
4,Chieftain IPA,IPA - American,5.5,58,3.75,Franciscan Well Micro Brewery
5,Croaking Lizard Brown Ale,Brown Ale - English,5,1,2.95,Franciscan Well Micro Brewery
6,Friar Weisse,Wheat Beer - Hefeweizen,4.7,34,3.55,Franciscan Well Micro Brewery
7,Hopfven Weisse,Wheat Beer - Dunkelweizen,5,2,4.25,Franciscan Well Micro Brewery
8,Jameson Pale Ale,Pale Ale - English,6,3,4.11,Franciscan Well Micro Brewery
9,Pilgrims Session Pale Ale,Pale Ale - English,4,2,3.17,Franciscan Well Micro Brewery
10,Preacher's Best Bitter,Bitter - English,4.3,1,2.75,Franciscan Well Micro Brewery
11,Purgatory Pale Ale,Pale Ale - American,4.5,12,3.9,Franciscan Well Micro Brewery
12,Rebel Lager,Lager - European Pale,4.2,8,3.38,Franciscan Well Micro Brewery
13,Rebel Red,Red Ale - Irish,4.3,89,3.68,Franciscan Well Micro Brewery
14,Shandon Stout,Stout - Irish Dry,4.3,26,3.87,Franciscan Well Micro Brewery
15,Shoot The Breeze,California Common / Steam Beer,4.5,1,3.29,Franciscan Well Micro Brewery
0,Auld Skool Scottish Ale,Scottish Ale,6.25,18,3.7,Granville Island Brewery
1,B. C. Pub Ale,Blonde Ale - American,3.5,1,3.86,Granville Island Brewery
2,BC Bitter,Bitter - English,5.5,3,3.65,Granville Island Brewery
3,Belgian Tripel,Tripel,9,4,3.66,Granville Island Brewery
4,Belgian Wit,Wheat Beer - Witbier,5,15,3.55,Granville Island Brewery
5,Brash Knuckles,Brown Ale - American,6.2,6,3.67,Granville Island Brewery
6,Brockton IPA,IPA - American,6,126,3.4,Granville Island Brewery
7,Brut IPL,Lager - India Pale Lager (IPL),7.6,1,3.65,Granville Island Brewery
8,Campground Common,California Common / Steam Beer,5,7,3.62,Granville Island Brewery
9,Cascadian Dark Ale,IPA - Black / Cascadian Dark Ale,6,19,3.91,Granville Island Brewery
10,Cennenial IPA,IPA - American,7.8,1,3.74,Granville Island Brewery
11,Cherry Dubbel,Dubbel,8,1,3.61,Granville Island Brewery
12,Cloak & Dagger CDA,IPA - Black / Cascadian Dark Ale,6.25,24,3.72,Granville Island Brewery
13,Cocoa Loco Chocolate Porter,Porter - American,6.5,3,3.96,Granville Island Brewery
14,Cypress Honey Lager,Lager - American Amber / Red,4.7,110,3.24,Granville Island Brewery
15,English Bay Pale Ale,Pale Ale - English,5,306,3.24,Granville Island Brewery
16,False Creek Raspberry Ale,Fruit and Field Beer,4.5,78,3.38,Granville Island Brewery
17,Fresh Hop ESB,Bitter - English Extra Special / Strong Bitter (ESB),5.6,8,3.37,Granville Island Brewery
18,Fresh Hop IPA,IPA - American,6.4,2,3.93,Granville Island Brewery
19,Gastown Amber Ale,Red Ale - American Amber / Red,5.5,28,3.25,Granville Island Brewery
20,German Style Pilsner,Pilsner - German,5,4,3.07,Granville Island Brewery
21,GIBitter,Bitter - English,4.8,17,4.11,Granville Island Brewery
22,Ginger Beer,Herb and Spice Beer,5,20,3.66,Granville Island Brewery
23,Gose With Nectarine,Sour - Gose,5,5,3.8,Granville Island Brewery
24,Imperial Chocolate Stout,Stout - American Imperial,8.4,33,3.9,Granville Island Brewery
25,Infamous IPA,IPA - American,6,57,3.54,Granville Island Brewery
26,Irish Red,Red Ale - Irish,5,12,3.64,Granville Island Brewery
27,Island Lager,Lager - American,5,107,3.28,Granville Island Brewery
28,Japanese Biere de Garde - 2017 Cellar Series,Farmhouse Ale - Bière de Garde,9.5,1,4.19,Granville Island Brewery
29,Kellerbier,Lager - Kellerbier / Zwickelbier,5.5,7,3.51,Granville Island Brewery
30,Kitsilano Maple Cream Ale,Cream Ale,5,104,3.35,Granville Island Brewery
31,Lions Summer Ale,Fruit and Field Beer,4.7,18,3.41,Granville Island Brewery
32,Lions Winter Ale,Winter Warmer,5.5,270,3.79,Granville Island Brewery
33,Maple Shack Cream Ale,Cream Ale,5,18,3.47,Granville Island Brewery
34,Mocha Porter,Porter - American,6,11,3.81,Granville Island Brewery
35,Nat Bailey Lager,Lager - Adjunct,5,5,3.2,Granville Island Brewery
36,Nat Bailey Pale Ale,Pale Ale - American,5,17,3.1,Granville Island Brewery
37,Northwest Pale Ale,Pale Ale - American,5.3,4,3.3,Granville Island Brewery
38,Nut Brown Ale,Brown Ale - English,5,21,3.58,Granville Island Brewery
39,Pacific Northwest Porter,Porter - American,6,2,3.69,Granville Island Brewery
40,Saison,Farmhouse Ale - Saison,6.5,17,3.67,Granville Island Brewery
41,Saison Belgian Style,Farmhouse Ale - Saison,6.3,12,3.75,Granville Island Brewery
42,Scottish Ale,Scottish Ale,6.5,9,3.8,Granville Island Brewery
43,Shamrocker Potato Stout,Stout - Irish Dry,4.8,10,3.65,Granville Island Brewery
44,Shipload Of Hops,IPA - Imperial,8.9,32,3.25,Granville Island Brewery
45,So-Cal Style IPA,IPA - American,7.8,11,3.74,Granville Island Brewery
46,Sunshine Coast Hefeweizen,Wheat Beer - Hefeweizen,5,165,3.55,Granville Island Brewery
47,Swing Span Amber,Red Ale - American Amber / Red,4.5,20,3.59,Granville Island Brewery
48,The Pumpkining,Fruit and Field Beer,6,29,3.38,Granville Island Brewery
49,Tropical Stout,Stout - Foreign / Export,7.6,2,3.78,Granville Island Brewery
50,Two Tides India Session Ale,IPA - American,4.6,54,3.61,Granville Island Brewery
51,Van Dame White ISA,Wheat Beer - Witbier,4.5,6,3.9,Granville Island Brewery
52,Watermelon Lager,Fruit and Field Beer,5,2,3.49,Granville Island Brewery
53,West Coast IPA,IPA - American,6.5,5,3.52,Granville Island Brewery
54,West Coast Pale Ale,Pale Ale - American,5.5,12,3.76,Granville Island Brewery
55,Winter Wit,Wheat Beer - Witbier,6,2,3.51,Granville Island Brewery
0,Astika,Lager - European Pale,4.5,17,2.84,Kamenitza AD
1,Astika Tumno,Lager - European Dark,5.6,3,3.08,Kamenitza AD
2,Kamenitza,Lager - European Pale,4.5,50,2.83,Kamenitza AD
3,Kamenitza 0%,Low Alcohol Beer,0.3,2,2.06,Kamenitza AD
4,Kamenitza 1881,Lager - European Pale,4.4,19,2.5,Kamenitza AD
5,Kamenitza Dark Beer,Lager - European Dark,5,8,3.32,Kamenitza AD
6,Kamenitza Dark Cherry,Fruit and Field Beer,2.8,2,3.12,Kamenitza AD
7,Kamenitza Fresh,Lager - European Pale,3.6,1,2.59,Kamenitza AD
8,Kamenitza Fresh Elderberry And Lemon,Lager - European Pale,2,0,0,Kamenitza AD
9,Kamenitza Fresh Grapefruit,Lager - European Pale,2,0,0,Kamenitza AD
10,Kamenitza Fresh Lemon,Fruit and Field Beer,2,3,2.38,Kamenitza AD
11,Kamenitza Lev,Lager - European Pale,5,5,3.37,Kamenitza AD
12,Kamenitza Staro Pivo,Lager - European Pale,4.8,2,3.15,Kamenitza AD
13,Kamenitza Svetlo,Lager - Adjunct,4.4,12,2.81,Kamenitza AD
14,Kamenitza Unfiltered,Lager - European Pale,4.95,0,0,Kamenitza AD
15,Kanenitza Tamno,Lager - Munich Dunkel,5,4,3.29,Kamenitza AD
16,Slavena,Lager - Adjunct,3.4,1,1.76,Kamenitza AD
0,Nikšićko Cool Limun,Fruit and Field Beer,2,1,2.09,Trebjesa Brewery
1,Nikšićko Gold,Lager - Adjunct,5.2,25,2.93,Trebjesa Brewery
2,Nikšićko IPA,IPA - American,4.5,3,3.1,Trebjesa Brewery
3,Nikšićko Pivo,Lager - European Pale,5.2,121,2.9,Trebjesa Brewery
4,Nikšićko Pivo Nefiltrirano,Lager - Kellerbier / Zwickelbier,5.4,5,3.41,Trebjesa Brewery
5,Nikšićko Tamno,Lager - Schwarzbier,6.2,40,3.23,Trebjesa Brewery
6,Onogost 1896,Lager - European Pale,4.6,3,3.23,Trebjesa Brewery
0,Branik Svetly,Pilsner - Bohemian / Czech,4.1,28,2.75,Pivovary Staropramen
1,Co-op Czech Premium Lager,Pilsner - Bohemian / Czech,5,12,3.26,Pivovary Staropramen
2,Czech Pilsener Lager [for Sainsbury's),Pilsner - Bohemian / Czech,5,1,3.79,Pivovary Staropramen
3,Prazsky,Pilsner - Bohemian / Czech,4.2,15,2.55,Pivovary Staropramen
4,Sladkuv Mestan,Lager - Light,3.2,6,2.57,Pivovary Staropramen
5,Staropramen 11° (Jedenáctka),Pilsner - Bohemian / Czech,4.7,2,2.84,Pivovary Staropramen
6,Staropramen 3.5%,Lager - Light,3.5,20,2.66,Pivovary Staropramen
7,Staropramen Černý,Lager - European Dark,4.4,92,3.68,Pivovary Staropramen
8,Staropramen D,Lager - European Pale,4,3,2.89,Pivovary Staropramen
9,Staropramen Granat Beer,Lager - European Dark,4.8,70,3.48,Pivovary Staropramen
10,Staropramen Kelt Original Stout,Stout - Sweet / Milk,0,14,3.87,Pivovary Staropramen
11,Staropramen Lager,Pilsner - Bohemian / Czech,5,890,3.37,Pivovary Staropramen
12,Staropramen Lager (Leák),Pilsner - Bohemian / Czech,5,44,3.44,Pivovary Staropramen
13,Staropramen Lemon Cool,Fruit and Field Beer,2,1,2.86,Pivovary Staropramen
14,Staropramen Limited Stories Edition,Pilsner - Bohemian / Czech,0,1,5,Pivovary Staropramen
15,Staropramen Nefiltrovaný (Unfiltered),Pilsner - Bohemian / Czech,5,40,3.36,Pivovary Staropramen
16,Staropramen Non Alcoholic,Low Alcohol Beer,0.49,3,3.4,Pivovary Staropramen
17,Staropramen Pravha,Pilsner - Bohemian / Czech,4,3,3.4,Pivovary Staropramen
18,Staropramen Smíchov,Pilsner - Bohemian / Czech,4,1,3.36,Pivovary Staropramen
19,Staropramen Svetly,Pilsner - Bohemian / Czech,4,27,3.19,Pivovary Staropramen
20,Staropramen Velvet,Pilsner - Bohemian / Czech,5.3,25,3.64,Pivovary Staropramen
21,Vratislav,Pilsner - Bohemian / Czech,5,18,3.12,Pivovary Staropramen
0,Bennett Dominion Ale,Pale Ale - American,5,11,2.53,Molson Coors Canada
1,Black Horse,Lager - Adjunct,5,28,2.86,Molson Coors Canada
2,Bohemian,Lager - Adjunct,5,38,2.81,Molson Coors Canada
3,Calgary Beer,Lager - Adjunct,5,12,2.7,Molson Coors Canada
4,Carling Beer,Lager - Adjunct,4,87,2.34,Molson Coors Canada
5,Carling Black Ice,Lager - Adjunct,6.1,62,2.4,Molson Coors Canada
6,Carling Black Label,Lager - Adjunct,5,216,2.44,Molson Coors Canada
7,Carling Black Label Big 10%,Lager - Malt Liquor,10.1,8,2.79,Molson Coors Canada
8,Carling Black Label Dry,Lager - Adjunct,6.1,5,2.6,Molson Coors Canada
9,Carling Black Label Extra Old Stock,Lager - Malt Liquor,5.65,14,2.83,Molson Coors Canada
10,Carling Black Label Light,Lager - Light,4,4,2.81,Molson Coors Canada
11,Carling Black Label Suprême 8.0%,Lager - Malt Liquor,8,6,2.56,Molson Coors Canada
12,Carling Dry,Lager - Adjunct,5.5,5,2.4,Molson Coors Canada
13,Carling Extra Dry,Lager - Adjunct,5.6,5,2.4,Molson Coors Canada
14,Carling Ice,Lager - Adjunct,5.5,25,2.56,Molson Coors Canada
15,Carling Lager,Lager - Adjunct,4.9,42,2.3,Molson Coors Canada
16,Carling Light,Lager - Light,4,10,2.27,Molson Coors Canada
17,Coors Altitude,Lager - Adjunct,6.4,10,2.6,Molson Coors Canada
18,Coors Slice,Lager - Adjunct,4.2,3,3.79,Molson Coors Canada
19,Coors Slice Lime,Lager - Light,4.2,3,3.34,Molson Coors Canada
20,India Beer,Blonde Ale - American,5,15,3,Molson Coors Canada
21,Keystone Ice,Lager - Adjunct,5.5,49,1.71,Molson Coors Canada
22,Keystone Lager,Lager - Adjunct,4.9,146,1.88,Molson Coors Canada
23,Laurentide,Blonde Ale - American,5,16,2.81,Molson Coors Canada
24,Mad Jack Ginger Flavoured Lager,Herb and Spice Beer,5,7,3.02,Molson Coors Canada
25,Mad Jack Hard Core Strong Apple Lager,Fruit and Field Beer,7,2,2.45,Molson Coors Canada
26,Mad Jack Hard Root Beer,Herb and Spice Beer,5,12,3.02,Molson Coors Canada
27,Mad Jack Premium Apple Lager,Fruit and Field Beer,5,27,2.84,Molson Coors Canada
28,Mad Jack Suckerpunch Strong Lemon Lager,Fruit and Field Beer,7,4,2.65,Molson Coors Canada
29,Molson .5,Low Alcohol Beer,0.5,5,1.58,Molson Coors Canada
30,Molson Brador,Lager - Malt Liquor,6,61,2.89,Molson Coors Canada
31,Molson Canadian 6.0 Cold Shots,Lager - Adjunct,6,77,2.32,Molson Coors Canada
32,Molson Canadian 67,Lager - Light,3,64,1.85,Molson Coors Canada
33,Molson Canadian 67 Session IPA,IPA - American,3,12,2.97,Molson Coors Canada
34,Molson Canadian 67 Sublime,Lager - Light,3,23,2.3,Molson Coors Canada
35,Molson Canadian 67 Tangerine Twist,Lager - Light,3,3,2.13,Molson Coors Canada
36,Molson Canadian Ice,Lager - Adjunct,5.5,81,2.47,Molson Coors Canada
37,Molson Canadian Lager,Lager - Adjunct,5,1902,2.83,Molson Coors Canada
38,Molson Canadian Light,Lager - Light,4,153,2.52,Molson Coors Canada
39,Molson Canadian Wheat,Lager - Adjunct,4.5,51,2.75,Molson Coors Canada
40,Molson Club Ale,Blonde Ale - American,5,1,2.63,Molson Coors Canada
41,Molson Dry,Lager - Adjunct,5.5,173,2.43,Molson Coors Canada
42,Molson Dry 10.1,Lager - Malt Liquor,10.1,5,2.12,Molson Coors Canada
43,Molson Dry 6.5 (Hi Dry),Lager - Adjunct,6.5,4,2.36,Molson Coors Canada
44,Molson Dry 8.5,Lager - Malt Liquor,8.5,3,2.14,Molson Coors Canada
45,Molson Dry Cold Shots,Lager - Adjunct,6.55,10,2.2,Molson Coors Canada
46,Molson Exel,Low Alcohol Beer,0.5,20,2.32,Molson Coors Canada
47,Molson Export,Blonde Ale - American,5,310,2.94,Molson Coors Canada
48,Molson Fireside Lager,Lager - Schwarzbier,4.6,12,3.52,Molson Coors Canada
49,Molson Golden,Lager - American,5,675,2.73,Molson Coors Canada
50,Molson Ice,Lager - Adjunct,5.6,517,2.51,Molson Coors Canada
51,Molson M,Lager - Adjunct,4.9,98,2.43,Molson Coors Canada
52,Molson OV (Old Vienna),Lager - Vienna,5,92,2.8,Molson Coors Canada
53,Molson Stock Ale,Pale Ale - American,5,40,2.83,Molson Coors Canada
54,Molson Ultra,Lager - Light,3,7,1.82,Molson Coors Canada
55,Molson XXX,Lager - Malt Liquor,7.3,590,2.52,Molson Coors Canada
56,O'Keefe Ale,Blonde Ale - American,5,25,2.55,Molson Coors Canada
57,O'Keefe Extra Old Stock,Lager - Malt Liquor,5.65,7,2.45,Molson Coors Canada
58,Old Style Pilsner,Pilsner - German,5,168,2.9,Molson Coors Canada
59,Rickard's Blonde,Pilsner - German,5,123,3.04,Molson Coors Canada
60,Rickard's Dark,Porter - English,4.8,184,3.08,Molson Coors Canada
61,Rickard's Lederhosen,Lager - Märzen / Oktoberfest,6.5,37,3.18,Molson Coors Canada
62,Rickard's Radler,Fruit and Field Beer,3.2,22,3.25,Molson Coors Canada
63,Rickard's Red,Lager - American Amber / Red,5.2,463,3.14,Molson Coors Canada
64,Rickard's Red IPA,IPA - American,5.7,29,3.63,Molson Coors Canada
65,Rickard's Red Session Lager,Lager - American Amber / Red,4,9,3.29,Molson Coors Canada
66,Rickard's White,Wheat Beer - Witbier,5.4,266,3.15,Molson Coors Canada
0,Caffrey's Irish Ale,Red Ale - Irish,3.8,133,3.32,Thomas Caffrey Brewing Co.
1,Stout,Stout - American,4.7,6,3.52,Thomas Caffrey Brewing Co.
0,Jelen Fresh Crvena Ribizla I Limeta,Fruit and Field Beer,2,4,2.02,Apatinska Pivara AD
1,Jelen Fresh Grejpfrut,Fruit and Field Beer,2,9,2.28,Apatinska Pivara AD
2,Jelen Fresh Limun,Fruit and Field Beer,2,9,2.28,Apatinska Pivara AD
3,Jelen Fresh Zova,Fruit and Field Beer,2,1,3.29,Apatinska Pivara AD
4,Jelen Nefiltrirano,Lager - European Pale,5.2,1,1.99,Apatinska Pivara AD
5,Jelen Pivo,Lager - European Pale,4.6,126,2.71,Apatinska Pivara AD
6,Jelen Strong,Lager - European Strong,7.3,5,2.36,Apatinska Pivara AD
7,Löwenbräu Original,Lager - European Pale,4.5,1,2.02,Apatinska Pivara AD
8,Staropramen Selection,Lager - American Amber / Red,4.8,7,2.44,Apatinska Pivara AD
0,Barley Wine,Barleywine - American,12,3,3.13,Saint Archer Brewing Co.
1,Barrel Aged Imperial Porter,Porter - Imperial,13,1,4.26,Saint Archer Brewing Co.
2,Barrel Aged Scottish Export,Scottish Ale,8,7,3.83,Saint Archer Brewing Co.
3,Barrel-Aged Gose,Sour - Gose,4.6,3,3.89,Saint Archer Brewing Co.
4,Berliner Weiss,Sour - Berliner Weisse,3.5,1,4.47,Saint Archer Brewing Co.
5,Black IPL,Lager - Schwarzbier,7,4,3.37,Saint Archer Brewing Co.
6,Blackberry Berliner Weiss,Sour - Berliner Weisse,3.8,0,0,Saint Archer Brewing Co.
7,Blackberry Gose,Sour - Gose,4,41,3.72,Saint Archer Brewing Co.
8,Blonde Ale,Kölsch,4.8,178,3.56,Saint Archer Brewing Co.
9,Brown Ale,Brown Ale - American,5.6,1,3.54,Saint Archer Brewing Co.
10,Citra 7 IPA,IPA - American,7,36,4.05,Saint Archer Brewing Co.
11,Coffee Cream Porter - Double Vanilla,Porter - American,6.2,1,4.03,Saint Archer Brewing Co.
12,Double IPA,IPA - Imperial,8.3,42,4.04,Saint Archer Brewing Co.
13,Double IPA With Grapefruit,IPA - Imperial,8.3,1,4.36,Saint Archer Brewing Co.
14,Export Stout,Stout - Foreign / Export,8,2,3.61,Saint Archer Brewing Co.
15,Gold,Lager - Light,4.2,85,3.09,Saint Archer Brewing Co.
16,Gose,Sour - Gose,4,8,3.96,Saint Archer Brewing Co.
17,Guava Gose,Sour - Gose,4,8,3.35,Saint Archer Brewing Co.
18,Hazy IPA,IPA - New England,6,44,3.8,Saint Archer Brewing Co.
19,Hop Hash,IPA - American,6.8,10,4.05,Saint Archer Brewing Co.
20,Imperial Coffee Porter,Porter - Imperial,9.3,6,4.16,Saint Archer Brewing Co.
21,Imperial IPA,IPA - Imperial,9,14,4,Saint Archer Brewing Co.
22,Imperial Porter,Porter - Imperial,10,3,3.76,Saint Archer Brewing Co.
23,Imperial Stout,Stout - American Imperial,10,3,3.95,Saint Archer Brewing Co.
24,IPA With Passion Fruit,IPA - American,7,1,3.94,Saint Archer Brewing Co.
25,Irish Stout,Stout - Irish Dry,4.2,6,3.59,Saint Archer Brewing Co.
26,Mexican Lager,Lager - Vienna,4.4,7,3.49,Saint Archer Brewing Co.
27,Mosaic IPA,IPA - Imperial,9,358,4.33,Saint Archer Brewing Co.
28,Nelson IPL,Lager - India Pale Lager (IPL),6.8,69,4.08,Saint Archer Brewing Co.
29,Pale Ale,Pale Ale - American,5.5,199,3.72,Saint Archer Brewing Co.
30,Pub Beer,Mild Ale - English Pale,3.2,1,3.64,Saint Archer Brewing Co.
31,Red Ale,Red Ale - American Amber / Red,6.5,7,3.69,Saint Archer Brewing Co.
32,Robust Porter,Porter - Robust,6.2,3,3.95,Saint Archer Brewing Co.
33,RVCA Session IPA,IPA - American,5.5,2,3.68,Saint Archer Brewing Co.
34,Saint Archer Double IPA,IPA - Imperial,8.3,177,4.04,Saint Archer Brewing Co.
35,Saint Archer IPA,IPA - American,7,478,3.91,Saint Archer Brewing Co.
36,Saison,Farmhouse Ale - Saison,5.5,1,3.76,Saint Archer Brewing Co.
37,Scottish Ale,Scottish Ale,7,13,3.61,Saint Archer Brewing Co.
38,Stout,Stout - American,7.5,0,0,Saint Archer Brewing Co.
39,Tropical IPA,IPA - American,7,14,3.93,Saint Archer Brewing Co.
40,Tusk & Grain Barrel Aged Blend No. 3,Strong Ale - American,12,4,4.15,Saint Archer Brewing Co.
41,Tusk & Grain Bourbon Barrel Aged Belgian Quad,Quadrupel (Quad),13.96,7,4.51,Saint Archer Brewing Co.
42,Tusk & Grain Bourbon Barrel Aged Stout With Vanilla Bean.,Stout - American,13.4,1,4.18,Saint Archer Brewing Co.
43,Tusk & Grain Coconut Stout,Stout - American Imperial,13.4,110,4.32,Saint Archer Brewing Co.
44,Tusk & Grain Imperial Porter Aged In Kentucky Bourbon Barrels,Porter - Imperial,12.5,0,0,Saint Archer Brewing Co.
45,Tusk & Grain Imperial Porter W/ Coffee And Mexican Chocolate,Porter - Imperial,12.5,2,4.28,Saint Archer Brewing Co.
46,Tusk & Grain Rye Barrel Aged Rye Stout With Vanilla,Stout - American Imperial,10.59,3,4.24,Saint Archer Brewing Co.
47,Wee Heavy,Scotch Ale / Wee Heavy,9.5,1,3.24,Saint Archer Brewing Co.
48,White Ale,Wheat Beer - Witbier,5,175,3.65,Saint Archer Brewing Co.
0,Ožujsko Amber,Lager - American Amber / Red,4.8,6,3.43,Zagrebaèka Pivovara
1,Ozujsko Cool,Low Alcohol Beer,0.5,7,2.29,Zagrebaèka Pivovara
2,Ožujsko Gorka Naranča,Fruit and Field Beer,2,2,2.54,Zagrebaèka Pivovara
3,Ožujsko Grejp,Fruit and Field Beer,2,2,2.04,Zagrebaèka Pivovara
4,Ozujsko Hoppy Lager,Lager - European Pale,5,1,3.2,Zagrebaèka Pivovara
5,Ožujsko Jabuka,Fruit and Field Beer,2.5,3,2.53,Zagrebaèka Pivovara
6,Ožujsko Limun,Fruit and Field Beer,2,6,2.68,Zagrebaèka Pivovara
7,Ozujsko Pivo,Lager - European Pale,5,131,2.86,Zagrebaèka Pivovara
8,Ozujsko Psenicno,Wheat Beer - Hefeweizen,5.1,12,2.75,Zagrebaèka Pivovara
9,Ožujsko Rezano,Lager - European Dark,5.9,5,3.35,Zagrebaèka Pivovara
10,Staropramen Selection,Pilsner - Bohemian / Czech,4.8,2,2.9,Zagrebaèka Pivovara
11,Tomislav Crno Pivo,Porter - Baltic,7.3,56,3.71,Zagrebaèka Pivovara
0,Altitude,Lager - Adjunct,6.4,1,3.05,Coors Brewing Company (Molson-Coors)
1,Batch 19,Lager - Adjunct,5.5,1270,3.36,Coors Brewing Company (Molson-Coors)
2,Blue Man Table Pilsner,Lager - American Amber / Red,4.9,2,2.57,Coors Brewing Company (Molson-Coors)
3,Blue Moon 2nd Anniversary,Strong Ale - American,13,2,3.88,Coors Brewing Company (Molson-Coors)
4,Blue Moon Agave Nectar Ale,Wheat Beer - American Pale,5.6,874,3.03,Coors Brewing Company (Molson-Coors)
5,Blue Moon Barrel Aged Bourbon Breakfast Brown Ale,Brown Ale - American,13.2,1,5,Coors Brewing Company (Molson-Coors)
6,Blue Moon Belgian Pale Ale,Pale Ale - Belgian,5.4,3,3.43,Coors Brewing Company (Molson-Coors)
7,Blue Moon Belgian Table Pils,Lager - American,4.2,178,3.35,Coors Brewing Company (Molson-Coors)
8,Blue Moon Belgian White,Wheat Beer - Witbier,5.4,7559,3.43,Coors Brewing Company (Molson-Coors)
9,Blue Moon Blackberry Tart Ale,Fruit and Field Beer,5.8,329,3.09,Coors Brewing Company (Molson-Coors)
10,Blue Moon Cappuccino Oatmeal Stout,Stout - Oatmeal,5.9,340,3.62,Coors Brewing Company (Molson-Coors)
11,Blue Moon Caramel Apple Spiced Ale,Herb and Spice Beer,5.8,451,3.08,Coors Brewing Company (Molson-Coors)
12,Blue Moon Chocolate Banana Porter,Porter - American,5.8,1,4.02,Coors Brewing Company (Molson-Coors)
13,Blue Moon Cinnamon Horchata Ale,Herb and Spice Beer,5.5,733,3.59,Coors Brewing Company (Molson-Coors)
14,Blue Moon Cocoa Brown Ale,Brown Ale - American,4.9,40,3.41,Coors Brewing Company (Molson-Coors)
15,Blue Moon Cranberry Lavender Blonde,Blonde Ale - American,6.1,1,3.75,Coors Brewing Company (Molson-Coors)
16,Blue Moon Double IPA,IPA - Imperial,8.5,0,0,Coors Brewing Company (Molson-Coors)
17,Blue Moon Farmhouse Red Ale,Farmhouse Ale - Saison,5.4,372,3.15,Coors Brewing Company (Molson-Coors)
18,Blue Moon First Peach Ale,Brown Ale - American,5.6,329,3.4,Coors Brewing Company (Molson-Coors)
19,Blue Moon Gingerbread Spiced Ale,Herb and Spice Beer,5.9,385,3.31,Coors Brewing Company (Molson-Coors)
20,Blue Moon Grape Scott,Fruit and Field Beer,9,6,3.07,Coors Brewing Company (Molson-Coors)
21,Blue Moon Harvest Pumpkin Wheat,Pumpkin Beer,5.7,2826,3.14,Coors Brewing Company (Molson-Coors)
22,Blue Moon Iced Coffee Blonde,Blonde Ale - American,5.5,82,3.65,Coors Brewing Company (Molson-Coors)
23,Blue Moon Lemondrop Pilsner,Pilsner - German,5.5,1,3.5,Coors Brewing Company (Molson-Coors)
24,Blue Moon LightSky,Wheat Beer - American Pale,4,27,3.57,Coors Brewing Company (Molson-Coors)
25,Blue Moon Lumination,Porter - American,5.2,1,4,Coors Brewing Company (Molson-Coors)
26,Blue Moon Mango Wheat,Fruit and Field Beer,5.4,230,3.57,Coors Brewing Company (Molson-Coors)
27,Blue Moon Mexican Chocolate,Stout - American,5.5,6,4.21,Coors Brewing Company (Molson-Coors)
28,Blue Moon Mojito Blonde,Blonde Ale - American,6.5,3,3.83,Coors Brewing Company (Molson-Coors)
29,Blue Moon Orange Blossom Honey,Kölsch,5.5,1,3.5,Coors Brewing Company (Molson-Coors)
30,Blue Moon Proximity,Wheat Beer - American Pale,8.5,91,3.15,Coors Brewing Company (Molson-Coors)
31,Blue Moon Rising Moon Spring Ale,Red Ale - American Amber / Red,5.4,351,2.97,Coors Brewing Company (Molson-Coors)
32,Blue Moon Rounder Belgian-Style Pale,Pale Ale - Belgian,5.6,809,3.14,Coors Brewing Company (Molson-Coors)
33,Blue Moon Rum BA Maple Pumpkin,Pumpkin Beer,11.4,3,3.75,Coors Brewing Company (Molson-Coors)
34,Blue Moon Russian Imperial Stout,Stout - Russian Imperial,10,0,0,Coors Brewing Company (Molson-Coors)
35,Blue Moon Short Straw Farmhouse Red Ale,Farmhouse Ale - Saison,5.4,771,3.12,Coors Brewing Company (Molson-Coors)
36,Blue Moon Spiced Amber Ale,Red Ale - American Amber / Red,5.6,214,3.45,Coors Brewing Company (Molson-Coors)
37,Blue Moon Spring Blonde Wheat Ale,Wheat Beer - American Pale,5.4,406,2.8,Coors Brewing Company (Molson-Coors)
38,Blue Moon Summer Honey Wheat,Wheat Beer - American Pale,5.2,1197,3.12,Coors Brewing Company (Molson-Coors)
39,Blue Moon Summer Sour,Sour - Gose,5,1,4,Coors Brewing Company (Molson-Coors)
40,Blue Moon Tongue Thai-Ed,Herb and Spice Beer,7.5,94,2.9,Coors Brewing Company (Molson-Coors)
41,Blue Moon Valencia Amber Ale,Red Ale - American Amber / Red,5.9,479,3.07,Coors Brewing Company (Molson-Coors)
42,Blue Moon Vintage Blonde Ale,Strong Ale - Belgian Pale,8.5,84,3.35,Coors Brewing Company (Molson-Coors)
43,Blue Moon White Hot Wit,Wheat Beer - Witbier,6.3,1,4,Coors Brewing Company (Molson-Coors)
44,Blue Moon White IPA,IPA - American,5.9,573,3.41,Coors Brewing Company (Molson-Coors)
45,Blue Moon Wild Pitch,Wheat Beer - Hefeweizen,5.8,1,2.56,Coors Brewing Company (Molson-Coors)
46,Blue Moon Winter Wheat,Herb and Spice Beer,5.9,48,3.63,Coors Brewing Company (Molson-Coors)
47,Carling,Lager - Adjunct,8,0,0,Coors Brewing Company (Molson-Coors)
48,Coors Banquet,Lager - Adjunct,5,3176,2.61,Coors Brewing Company (Molson-Coors)
49,Coors Edge,Low Alcohol Beer,0.5,4,2.23,Coors Brewing Company (Molson-Coors)
50,Coors Extra Gold,Lager - Adjunct,5,324,2.58,Coors Brewing Company (Molson-Coors)
51,Coors Light,Lager - Light,4.2,5519,1.99,Coors Brewing Company (Molson-Coors)
52,Coors Light Citrus Radler,Fruit and Field Beer,4.2,70,2.77,Coors Brewing Company (Molson-Coors)
53,Coors Light Iced T,Lager - Adjunct,4,54,1.79,Coors Brewing Company (Molson-Coors)
54,Coors Light Summer Brew,Fruit and Field Beer,3.9,269,2.43,Coors Brewing Company (Molson-Coors)
55,Coors Non-Alcoholic,Low Alcohol Beer,0.5,97,2.14,Coors Brewing Company (Molson-Coors)
56,Coors Organic,Lager - Light,3.8,1,3.11,Coors Brewing Company (Molson-Coors)
57,Coors Peak,Lager - Adjunct,4.7,7,2.26,Coors Brewing Company (Molson-Coors)
58,George Killian's Irish Red,Lager - American Amber / Red,4.9,3180,3.06,Coors Brewing Company (Molson-Coors)
59,George Killian's Irish Red (3.2%),Lager - Light,3.2,79,2.72,Coors Brewing Company (Molson-Coors)
60,George Killian's Irish Stout,Stout - Irish Dry,4.9,335,3.34,Coors Brewing Company (Molson-Coors)
61,IronMoon: Blueberry Berliner,Sour - Berliner Weisse,5.2,1,3.67,Coors Brewing Company (Molson-Coors)
62,Keystone Ice,Lager - Adjunct,5.9,776,1.65,Coors Brewing Company (Molson-Coors)
63,Keystone Light,Lager - Light,4.1,2129,1.73,Coors Brewing Company (Molson-Coors)
64,Keystone Light Keylightful,Fruit and Field Beer,4.1,8,2.99,Coors Brewing Company (Molson-Coors)
65,Keystone Light Lime,Lager - Light,4.2,10,2.74,Coors Brewing Company (Molson-Coors)
66,Keystone Premium,Lager - Adjunct,4.4,158,1.76,Coors Brewing Company (Molson-Coors)
67,Keystone V9,Red Ale - American Amber / Red,5.9,6,2,Coors Brewing Company (Molson-Coors)
68,Miller Ace,Lager - Adjunct,8,1,2.45,Coors Brewing Company (Molson-Coors)
69,Third Shift Amber Lager,Lager - American Amber / Red,5.3,1246,3.02,Coors Brewing Company (Molson-Coors)
70,Third Shift Session IPA,IPA - American,0,9,2.34,Coors Brewing Company (Molson-Coors)
71,Thunderbolt,Lager - Adjunct,7.5,1,2.94,Coors Brewing Company (Molson-Coors)
0,Hamm's,Lager - Adjunct,4.6,1088,2.83,Hamms Brewing Co.
1,Hamm's Golden Draft,Lager - Adjunct,4.7,23,2.93,Hamms Brewing Co.
2,Hamm's Special Light,Lager - Light,3.8,116,2.58,Hamms Brewing Co.
0,541 Lager,Lager - American,5,34,3.36,Hop Valley
1,Ahtanum Single Hop Pale Ale,Pale Ale - American,5,1,3.53,Hop Valley
2,Alpha Centauri Binary IPA,IPA - Imperial,9,352,4.07,Hop Valley
3,Alphadelic IPA,IPA - American,7.2,351,3.85,Hop Valley
4,Bambino Stash India Pale Ale,IPA - American,5.5,17,3.66,Hop Valley
5,Bandon Dunes Pale Ale,Pale Ale - American,5.5,2,4.23,Hop Valley
6,Blonde Ale,Blonde Ale - American,5,7,3.62,Hop Valley
7,Blueberry Sour Saison,Farmhouse Ale - Saison,7.7,1,4.01,Hop Valley
8,Bubble Stash,IPA - American,0,0,0,Hop Valley
9,Bubble Stash,IPA - American,6.2,90,3.9,Hop Valley
10,Bulle Bulle,IPA - Imperial,8.3,9,3.85,Hop Valley
11,Christmas Mistress,IPA - American,6.5,4,3.87,Hop Valley
12,Citrus Mistress,IPA - American,6.3,405,3.91,Hop Valley
13,Cryo Stash Imperial IPA,IPA - Imperial,8.7,46,3.87,Hop Valley
14,Czech Your Head Pils,Pilsner - Bohemian / Czech,5.6,22,3.63,Hop Valley
15,Delicate Thunder,Pale Ale - American,4.5,3,3.56,Hop Valley
16,Divine Shine,Pale Ale - American,4.5,26,3.68,Hop Valley
17,Double D Blonde,Blonde Ale - American,4.9,53,3.6,Hop Valley
18,Doubledelic,IPA - Imperial,9.6,9,3.9,Hop Valley
19,Dub Dub,IPA - Imperial,8.3,2,3.63,Hop Valley
20,Duper Bock,Bock - Doppelbock,5.9,1,3.5,Hop Valley
21,Elias Briggs Cream Ale,Cream Ale,0,5,3.14,Hop Valley
22,Festeroo Winter Ale,Winter Warmer,7.8,45,3.74,Hop Valley
23,Galactose Milk Stout,Stout - Sweet / Milk,4.8,3,3.68,Hop Valley
24,Hop Fresh Pale Ale,Pale Ale - American,5.3,2,3.2,Hop Valley
25,Imperial Mistress,IPA - Imperial,8.5,10,3.93,Hop Valley
26,Lemon Fellow,Stout - Oatmeal,6,1,4,Hop Valley
27,Light Me Up Lager,Lager - American,4,26,2.99,Hop Valley
28,Macho Libre IPA,IPA - Imperial,8.7,20,3.9,Hop Valley
29,Mango & Stash,IPA - American,6,22,3.74,Hop Valley
30,Mr. Orange,Pale Ale - American,5.9,5,3.65,Hop Valley
31,Natty Red,Red Ale - American Amber / Red,8,4,3.62,Hop Valley
32,Natty Red Nitro,Red Ale - American Amber / Red,8,1,4,Hop Valley
33,Neon Prince,IPA - American,4.5,17,3.57,Hop Valley
34,Operation Vacation,Pale Ale - American,5.5,27,3.67,Hop Valley
35,Pale Ale,Pale Ale - American,5.4,6,3.9,Hop Valley
36,Palisaderade,IPA - American,6.1,1,3.94,Hop Valley
37,Passion Stash,IPA - American,6.4,1,4,Hop Valley
38,Patty's Irish Red Lager,Lager - American Amber / Red,5.4,1,3.5,Hop Valley
39,Pick And Grin IPA,IPA - American,6.8,1,3.75,Hop Valley
40,Pollination Summer Ale,Blonde Ale - American,5.5,10,3.43,Hop Valley
41,Proxima IPA,IPA - American,6.2,83,3.77,Hop Valley
42,Red Ale,Red Ale - American Amber / Red,6,13,3.85,Hop Valley
43,Red Can Light Lager,Lager - Light,4.1,1,4,Hop Valley
44,Reveal,Pale Ale - American,6,3,3.58,Hop Valley
45,Secret Chief Stout,Stout - American,5.3,9,3.77,Hop Valley
46,Smile Stash,IPA - American,6.5,1,4,Hop Valley
47,Smurf Juice,IPA - American,5,1,3.77,Hop Valley
48,Solid Baby,IPA - American,7.4,7,3.78,Hop Valley
49,Stash Exotic Hazy Blonde Ale,Blonde Ale - American,4.5,0,0,Hop Valley
50,Stash Panda,IPA - New England,6.5,5,3.86,Hop Valley
51,Stella IPA,IPA - American,0,1,3.5,Hop Valley
52,Stepchild Red,Red Ale - American Amber / Red,6.1,24,3.6,Hop Valley
53,Stout,Stout - American,8,2,4.05,Hop Valley
54,The Heff,Wheat Beer - American Pale,4.9,9,3.41,Hop Valley
55,Vanilla Infused Porter (V.I.P.),Porter - American,5.9,139,3.77,Hop Valley
0,3 Up 3 Down unfiltered IPA,IPA - American,7,1,3.45,Terrapin Beer Company
1,Ales From The Wood: Richland Reserve Vol. 2,Stout - Sweet / Milk,11,62,4.1,Terrapin Beer Company
2,All American Oat Pale Ale,Pale Ale - American,6.5,27,3.79,Terrapin Beer Company
3,Barrel Aged Moo-Hoo On Raspberries,Stout - Sweet / Milk,6.5,12,3.6,Terrapin Beer Company
4,Barrel Aged Tiramisu-Hoo,Stout - American Imperial,11,1,4.75,Terrapin Beer Company
5,Beyond The Galaxy,IPA - American,6.3,87,3.78,Terrapin Beer Company
6,Big Hoppy Monster - Oaked,Red Ale - Imperial,10.3,565,3.89,Terrapin Beer Company
7,Blueberry Thyme Saison,Farmhouse Ale - Saison,9.1,19,3.52,Terrapin Beer Company
8,Bourbon Barrel Aged Hopzilla,IPA - Imperial,10.7,6,4.18,Terrapin Beer Company
9,Bourbon Barrel Wake-n-Bake,Stout - American Imperial,9.4,25,4.31,Terrapin Beer Company
10,Chopsecutioner,IPA - American,5,44,3.52,Terrapin Beer Company
11,Cinnamon Roll'd WnB Oatmeal Stout,Stout - Oatmeal,9.4,771,4.31,Terrapin Beer Company
12,Cloverleaf,Stout - Irish Dry,4.1,1,4.09,Terrapin Beer Company
13,Cryosphere,IPA - American,5.5,7,3.29,Terrapin Beer Company
14,Cumulus Lupulus,IPA - Imperial,8.1,68,4,Terrapin Beer Company
15,Dancing Gummy Beer,Sour - Berliner Weisse,4.2,3,3.23,Terrapin Beer Company
16,Frenchy's Blues,Sour - Berliner Weisse,5,0,0,Terrapin Beer Company
17,Full Of Balarney,Stout - Irish Dry,4.2,57,3.57,Terrapin Beer Company
18,Gamma Ray,Wheat Beer - Wheatwine,10.8,503,3.81,Terrapin Beer Company
19,Golden Ale,Cream Ale,5,464,3.46,Terrapin Beer Company
20,Golden Apple Pie,Cream Ale,5,1,3.33,Terrapin Beer Company
21,Good To Gose,Sour - Gose,4.5,49,3.68,Terrapin Beer Company
22,Grapefruit Hi-5 IPA,IPA - American,5.9,12,3.85,Terrapin Beer Company
23,Hawkes’ Grog Ale,Wheat Beer - American Pale,5.3,5,2.87,Terrapin Beer Company
24,Hi-5 IPA,IPA - American,5.9,8,3.83,Terrapin Beer Company
25,High & Hazy,IPA - New England,5.8,17,3.98,Terrapin Beer Company
26,Hop Selection,IPA - Imperial,8.4,5,3.16,Terrapin Beer Company
27,Hoppin' Bubbly,IPA - Brut,6.5,37,3.76,Terrapin Beer Company
28,Hopsecutioner,IPA - American,7.3,3654,3.83,Terrapin Beer Company
29,Incoming Batsman,IPA - English,6.2,3,3.66,Terrapin Beer Company
30,Irish BUH-BYE Wake-N-Bake,Stout - American Imperial,9.4,46,4.26,Terrapin Beer Company
31,Jazz Cabbage,IPA - American,6,43,3.76,Terrapin Beer Company
32,Liquid Bliss,Porter - American,6.1,1556,3.84,Terrapin Beer Company
33,Los Bravos,Lager - Vienna,5.1,3,3.79,Terrapin Beer Company
34,Luau Krunkles,IPA - American,6.5,285,3.92,Terrapin Beer Company
35,Maggie's Farmhouse Ale - Peach,Farmhouse Ale - Saison,5.3,689,3.51,Terrapin Beer Company
36,Magic Brownie,Porter - American,6.63,7,3.55,Terrapin Beer Company
37,Moo-Hoo Chocolate Milk Stout,Stout - Sweet / Milk,6.1,2650,3.98,Terrapin Beer Company
38,Moo-HooChiato,Stout - Sweet / Milk,8.5,540,4.14,Terrapin Beer Company
39,Moo-Tella: Chocolate Hazelnut Imperial Milk Stout,Stout - Sweet / Milk,8.5,64,3.84,Terrapin Beer Company
40,Mosaic Red Rye IPA,IPA - American,6.3,501,3.82,Terrapin Beer Company
41,Mo’ara High Country Ale,Lager - American Amber / Red,5.2,2,3.34,Terrapin Beer Company
42,One Hopper Simcoe Pale Ale,Pale Ale - American,5.5,1,3.9,Terrapin Beer Company
43,Panama Krunkles,IPA - American,6.5,66,3.85,Terrapin Beer Company
44,Peach Dreamsicle,IPA - Imperial,7.89,12,3.8,Terrapin Beer Company
45,Poivre Potion,Farmhouse Ale - Saison,9.3,90,3.83,Terrapin Beer Company
46,Pumpkinfest,Fruit and Field Beer,6.1,924,3.69,Terrapin Beer Company
47,RecreationAle,Pale Ale - American,4.7,805,3.7,Terrapin Beer Company
48,Rye Cubed,IPA - Imperial,10.7,336,3.8,Terrapin Beer Company
49,Señor Krunkles,IPA - American,6.5,27,3.63,Terrapin Beer Company
50,Side Project #28: Smoke On The Porter,Porter - Baltic,8.5,74,3.91,Terrapin Beer Company
51,Side Project #31: Himalayan Pink Sea Salt Lime Gose,Sour - Gose,4.5,8,4.08,Terrapin Beer Company
52,So Fresh & So Green,IPA - English,6.6,1,4,Terrapin Beer Company
53,"So Fresh & So Green, Green",IPA - American,6.6,506,3.72,Terrapin Beer Company
54,"So Fresh & So Green, Green 2019 Zuper Saazer",Pilsner - German,5.2,4,3.78,Terrapin Beer Company
55,Sound Czech,Pilsner - Bohemian / Czech,5.5,164,3.84,Terrapin Beer Company
56,Southpaw Stout,Stout - Foreign / Export,7,1,4.12,Terrapin Beer Company
57,Strawberry Dreamsicle,IPA - American,7.9,3,3.6,Terrapin Beer Company
58,Strike Zone,Pale Ale - American,5.1,1,3.85,Terrapin Beer Company
59,Substance Abuse,Stout - American Imperial,0,39,4.16,Terrapin Beer Company
60,T-Time,Sour - Berliner Weisse,4,54,3.67,Terrapin Beer Company
61,Tangerine Dreamsicle,IPA - American,6.5,304,3.6,Terrapin Beer Company
62,The Walking Dead Blood Orange IPA,IPA - American,7.7,297,3.69,Terrapin Beer Company
63,Three Strikes You're Stout,Stout - Sweet / Milk,5,1,4.22,Terrapin Beer Company
64,Touch of Grisette,Farmhouse Ale - Saison,4.5,7,3.36,Terrapin Beer Company
65,Up-Hi IPA,IPA - American,5.9,1338,3.88,Terrapin Beer Company
66,Wake-n-Bake Coffee Oatmeal Imperial Stout,Stout - Oatmeal,9.4,4054,4.3,Terrapin Beer Company
67,Watermelon Gose,Sour - Gose,4.5,186,3.81,Terrapin Beer Company
68,White Chocolate Moo-Hoo Milk Stout,Stout - Sweet / Milk,7.6,456,3.92,Terrapin Beer Company
